WP,AVG,PA,AB,R,H,2B,3B,HR,TB,RBI,SAC,SF,BB,IBB,HPB,SO,GDP,SLG,OBP,OPS,SB,CS,ERA,SV,HLD,IP,H/p,HR/p,BB/p,HBP,SO/p,R,ER,WHIP,E,PO,Ass,DP,FPCT,PB,SB/f,CS/f,CS%
0.606,0.279,5687,4881,767,1364,227,27,93,1924,714,94,55,583,16,73,804,89,0.394,0.361,0.755,166,101,3.67,37,92,1293.1,1266,74,491,76,977,610,527,1.36,121,3825,1204,131,97.7,10,115,30,20.7
0.56,0.265,5649,4973,672,1316,235,14,89,1846,621,57,47,524,13,48,1074,96,0.371,0.338,0.709,87,30,3.94,39,61,1287,1326,83,413,50,968,616,564,1.35,80,3805,1242,117,98.4,3,111,23,17.2
0.539,0.26,5630,4923,658,1279,229,16,125,1915,611,77,45,507,21,78,943,89,0.389,0.336,0.725,96,28,4.37,46,71,1288.1,1354,104,612,67,974,698,626,1.53,108,3833,1386,163,98,11,127,56,30.6
0.528,0.27,5606,4895,679,1321,223,28,98,1894,642,63,55,493,10,100,1005,122,0.387,0.345,0.732,111,46,3.83,33,88,1281.1,1160,99,513,62,1090,617,545,1.31,111,3802,1211,126,97.8,7,96,42,30.4
0.521,0.255,5538,4859,620,1238,210,32,100,1812,565,57,41,505,25,76,975,90,0.373,0.332,0.705,133,48,3.92,41,70,1284.2,1245,90,501,82,1013,625,560,1.36,102,3815,1202,108,98,12,60,40,40
0.514,0.276,5607,4954,726,1365,224,21,101,1934,673,63,44,500,15,46,957,115,0.39,0.345,0.735,122,34,4.13,33,66,1269,1244,89,564,59,980,650,583,1.42,91,3763,1213,137,98.2,12,98,35,26.3
0.472,0.265,5576,4871,653,1289,231,19,69,1765,608,75,57,522,18,51,1000,110,0.362,0.338,0.7,101,42,4.15,35,82,1272.1,1328,80,532,82,1070,660,586,1.46,94,3775,1205,111,98.1,13,91,46,33.6
0.427,0.263,5581,4912,636,1290,208,23,88,1808,603,77,43,487,15,62,954,114,0.368,0.334,0.702,103,35,4.6,38,69,1278.1,1414,120,464,52,899,728,654,1.47,93,3781,1257,111,98.2,6,86,32,27.1
0.42,0.241,5628,4906,604,1184,211,12,100,1719,568,59,40,535,21,88,1162,103,0.35,0.324,0.674,67,22,4.38,20,68,1291.2,1292,101,518,103,1037,708,628,1.4,96,3842,1247,106,98.1,10,94,48,33.8
0.411,0.261,5729,5062,607,1323,223,30,61,1789,576,51,58,484,21,74,1096,87,0.353,0.331,0.684,54,11,4.42,33,61,1288.1,1340,84,532,63,962,710,632,1.45,110,3835,1335,125,97.9,9,129,45,25.9
0.629,0.254,5642,4893,720,1245,242,18,138,1937,682,77,47,530,22,95,1075,96,0.396,0.336,0.732,98,39,3.87,45,68,1301.1,1223,130,457,65,1023,622,560,1.29,97,3853,1333,138,98.2,4,107,31,22.5
0.613,0.269,5627,4927,715,1325,208,33,118,1953,674,49,46,501,18,103,924,109,0.396,0.346,0.742,102,46,3.33,43,107,1288,1179,94,451,59,1031,521,476,1.27,80,3837,1299,139,98.5,7,113,26,18.7
0.563,0.252,5655,4953,621,1250,203,33,94,1801,578,49,34,527,26,92,1032,89,0.364,0.333,0.697,63,20,3.79,48,84,1296.1,1247,96,490,70,1010,610,546,1.34,113,3841,1450,134,97.9,7,85,42,33.1
0.563,0.254,5547,4864,631,1237,192,19,119,1824,588,70,44,519,21,49,1183,105,0.375,0.33,0.705,89,34,3.51,37,65,1287.1,1243,92,364,63,1074,562,502,1.25,89,3824,1341,132,98.3,8,69,26,27.4
0.49,0.272,5703,5000,720,1361,250,19,113,1988,677,61,36,542,21,63,983,111,0.398,0.349,0.747,103,34,4.2,38,74,1279.2,1286,120,526,67,1042,679,597,1.42,91,3801,1223,111,98.2,8,64,41,39
0.465,0.257,5585,4899,646,1260,230,15,105,1835,613,50,47,501,24,88,981,112,0.375,0.334,0.709,100,39,3.9,25,54,1286.2,1230,111,515,98,1168,642,557,1.36,111,3816,1265,115,97.9,9,60,42,41.2
0.465,0.27,5647,5023,663,1358,241,19,103,1946,627,83,41,446,28,54,1029,119,0.387,0.334,0.721,91,27,4.29,34,71,1287,1370,129,478,66,971,695,613,1.44,110,3778,1291,125,97.9,6,51,35,40.7
0.457,0.267,5534,4948,605,1320,227,16,106,1897,570,73,42,417,19,54,991,127,0.383,0.328,0.711,61,39,4.45,34,69,1280.2,1373,84,492,80,1199,712,633,1.46,103,3778,1277,124,98,11,99,39,28.3
0.423,0.255,5510,4891,638,1249,210,12,101,1786,592,53,45,450,16,71,1007,116,0.365,0.324,0.689,90,40,4.45,32,68,1279.1,1336,117,555,70,977,721,632,1.48,108,3802,1312,128,97.9,13,95,34,26.4
0.324,0.245,5513,4878,564,1196,217,19,88,1715,520,45,40,497,13,52,1264,92,0.352,0.319,0.671,93,49,4.83,25,81,1268.1,1314,112,602,83,974,759,680,1.51,121,3759,1309,111,97.7,8,121,51,29.7
0.563,0.265,5627,4810,719,1276,219,11,106,1835,673,69,44,645,27,58,1047,105,0.381,0.356,0.737,112,46,3.67,33,74,1264,1176,86,489,42,1062,584,515,1.32,104,3752,1401,133,98,7,93,31,25
0.563,0.267,5552,4836,712,1292,204,18,133,1931,669,48,68,545,21,55,902,98,0.399,0.344,0.743,116,44,4.3,46,80,1259,1297,131,530,51,1038,658,601,1.45,83,3728,1209,130,98.3,5,61,26,29.9
0.554,0.25,5533,4750,654,1188,210,11,110,1750,621,52,45,592,16,94,926,102,0.368,0.342,0.71,92,34,3.57,32,81,1272.1,1126,80,545,98,1068,561,505,1.31,79,3764,1364,147,98.5,12,98,40,29
0.522,0.268,5645,4900,738,1314,235,17,110,1913,698,46,53,560,13,86,943,137,0.39,0.35,0.74,81,37,4.26,28,61,1269.1,1295,104,587,73,1045,656,601,1.48,83,3785,1247,120,98.4,10,83,48,36.6
0.511,0.259,5653,4874,722,1262,244,28,91,1835,671,35,56,595,17,93,1053,93,0.376,0.347,0.723,97,26,4.31,30,56,1263.1,1281,101,566,80,900,700,605,1.46,118,3731,1422,152,97.8,5,85,35,29.2
0.508,0.261,5736,4899,755,1278,204,13,185,2063,712,55,52,636,23,94,1056,106,0.421,0.353,0.774,100,43,4.82,25,56,1276.2,1296,149,629,78,1012,741,684,1.51,98,3799,1321,123,98.1,12,105,46,30.5
0.496,0.261,5532,4808,702,1254,203,17,170,2001,670,59,43,511,14,111,1093,94,0.416,0.343,0.759,101,46,4.54,33,80,1256.2,1268,125,592,77,1055,697,634,1.48,106,3736,1218,105,97.9,5,84,40,32.3
0.478,0.278,5726,5009,727,1393,266,10,107,2000,697,38,46,579,19,54,969,114,0.399,0.356,0.755,60,31,5.37,37,76,1271,1333,133,658,88,1054,808,758,1.57,81,3771,1284,123,98.4,8,101,44,30.3
0.433,0.248,5577,4831,568,1198,183,21,66,1621,546,41,37,595,16,73,921,119,0.336,0.337,0.673,73,31,4.89,36,94,1269,1286,134,622,104,951,752,690,1.5,100,3762,1243,139,98,10,92,43,31.9
0.371,0.237,5495,4685,599,1111,213,17,80,1598,554,54,49,633,14,74,1286,110,0.341,0.334,0.675,109,56,4.65,21,62,1258.2,1208,115,673,101,1011,739,650,1.49,112,3731,1186,121,97.8,7,111,41,27
0.601,0.291,5833,5102,888,1483,258,28,187,2358,845,46,51,529,21,104,997,106,0.462,0.366,0.828,101,38,4.58,31,88,1296.2,1292,153,547,79,1049,714,660,1.42,80,3843,1198,120,98.4,10,49,42,46.2
0.566,0.284,5762,5047,813,1432,238,21,163,2201,767,64,45,554,20,52,1097,104,0.436,0.358,0.794,106,50,4.54,33,71,1290.1,1357,118,523,59,848,715,651,1.46,97,3845,1426,154,98.2,10,75,21,21.9
0.564,0.277,5681,4999,802,1384,253,29,149,2142,760,49,49,509,21,75,969,115,0.428,0.349,0.777,83,39,4.37,29,67,1292.2,1344,123,493,86,1019,694,627,1.42,78,3836,1390,156,98.5,9,89,36,28.8
0.564,0.293,5776,5046,816,1477,263,20,125,2155,778,38,73,551,20,68,796,132,0.427,0.365,0.792,88,37,4.31,23,45,1285.2,1395,109,478,61,1046,695,616,1.46,81,3838,1218,126,98.4,6,91,25,21.6
0.559,0.269,5721,4945,759,1332,254,25,127,2017,713,43,52,608,16,73,1030,107,0.408,0.355,0.763,113,27,4.39,42,81,1280.1,1336,126,446,73,950,692,624,1.39,105,3796,1419,143,98,8,87,39,31
0.507,0.274,5642,4937,724,1355,224,13,130,1995,692,63,38,535,10,69,957,114,0.404,0.351,0.755,47,25,5.13,33,79,1270,1399,120,559,70,1038,795,724,1.54,86,3776,1397,169,98.4,10,82,46,35.9
0.497,0.276,5669,4958,750,1366,252,6,131,2023,711,39,48,569,18,55,875,148,0.408,0.353,0.761,90,31,4.64,25,59,1277.1,1351,143,447,58,1002,720,659,1.41,86,3802,1352,124,98.4,7,95,28,22.8
0.46,0.268,5574,4923,699,1317,211,12,129,1939,658,50,53,486,10,62,990,117,0.394,0.338,0.732,132,49,4.78,25,80,1272.1,1330,151,542,67,931,745,676,1.47,91,3773,1191,126,98.2,6,57,38,40
0.357,0.25,5502,4839,634,1212,177,17,143,1852,595,49,34,511,18,69,981,112,0.383,0.329,0.712,81,45,5.57,20,53,1259.1,1343,162,670,84,953,846,780,1.6,94,3761,1259,139,98.2,6,129,57,30.6
0.326,0.245,5483,4862,551,1189,195,12,79,1645,523,45,25,462,9,89,1163,119,0.338,0.32,0.658,51,36,5.28,21,54,1265,1400,158,609,79,1019,820,742,1.59,87,3736,1149,133,98.3,10,120,45,27.3
0.615,0.278,5670,4913,736,1364,235,31,84,1913,691,39,83,563,16,72,799,117,0.389,0.355,0.744,102,38,3.51,44,69,1283.2,1259,78,380,70,860,550,500,1.28,74,3813,1345,131,98.6,6,96,32,25
0.615,0.262,5542,4919,655,1290,218,14,117,1887,622,35,38,462,20,87,966,92,0.384,0.334,0.718,118,50,3.48,51,92,1292.1,1240,99,436,50,1092,546,500,1.3,79,3848,1255,131,98.5,3,105,31,22.8
0.601,0.282,5658,4991,780,1405,251,38,112,2068,741,36,48,514,13,69,943,122,0.414,0.354,0.768,110,33,3.61,39,91,1279,1293,61,371,58,984,572,513,1.3,87,3767,1347,128,98.3,6,92,46,33.3
0.552,0.267,5536,4928,641,1316,233,15,94,1861,604,49,48,434,17,77,962,117,0.378,0.333,0.711,108,47,4.01,32,68,1284.1,1285,103,483,92,991,631,572,1.38,76,3788,1414,139,98.6,7,115,41,26.3
0.514,0.278,5631,4968,674,1383,249,26,128,2068,639,64,60,456,14,83,880,126,0.416,0.345,0.761,87,45,3.86,43,62,1283.1,1257,89,499,91,953,633,551,1.37,88,3807,1396,130,98.3,4,64,49,43.4
0.5,0.277,5582,4965,650,1375,187,20,103,1911,615,45,45,475,15,52,975,113,0.385,0.344,0.729,104,44,4.29,37,59,1277,1303,118,481,61,848,661,608,1.4,93,3781,1372,137,98.2,15,90,43,32.3
0.437,0.264,5505,4874,605,1286,248,19,76,1800,567,31,45,497,13,58,919,108,0.369,0.336,0.705,87,42,4.65,30,64,1264,1362,101,504,76,976,723,653,1.48,103,3748,1285,126,98,9,116,50,30.1
0.42,0.256,5533,4866,622,1245,230,26,122,1893,598,58,53,478,15,78,976,107,0.389,0.329,0.718,107,42,4.64,29,60,1275.1,1332,125,523,70,924,731,658,1.45,96,3778,1273,132,98.1,9,90,38,29.7
0.403,0.256,5482,4882,607,1250,223,16,88,1769,562,44,45,441,12,70,1090,112,0.362,0.324,0.686,105,51,4.8,28,43,1268.2,1407,120,526,72,934,737,677,1.52,95,3777,1389,151,98.2,10,104,49,32
0.34,0.25,5488,4919,578,1231,214,22,90,1759,545,35,40,429,12,65,1085,108,0.358,0.316,0.674,65,31,4.83,16,47,1271,1407,120,546,71,1033,764,682,1.54,113,3765,1351,131,97.8,11,91,44,32.6
0.646,0.309,5870,5176,944,1601,284,30,191,2518,898,43,63,496,16,92,1016,112,0.486,0.376,0.862,96,23,4.98,41,56,1288.2,1401,154,476,109,1025,756,713,1.46,72,3826,1295,147,98.6,8,68,43,38.7
0.545,0.281,5682,4992,829,1403,234,13,233,2362,791,54,34,483,6,119,1079,103,0.473,0.356,0.829,108,39,4.67,29,63,1274.2,1353,189,425,74,1130,729,662,1.39,107,3776,1324,133,97.9,6,95,39,29.1
0.535,0.275,5539,4972,729,1369,249,14,151,2099,668,31,28,420,17,88,1098,113,0.422,0.341,0.763,118,64,4.93,37,62,1274,1394,164,472,89,1124,761,698,1.46,90,3775,1271,141,98.2,11,83,41,33.1
0.521,0.288,5780,5141,825,1481,288,19,165,2302,787,32,50,472,25,85,1208,93,0.448,0.355,0.803,101,33,5.08,32,72,1282,1442,178,416,98,1021,780,723,1.45,93,3790,1382,147,98.2,7,70,39,35.8
0.486,0.295,5744,5036,865,1487,258,22,170,2299,823,56,50,503,27,99,905,135,0.457,0.367,0.824,88,37,5.4,26,43,1270.2,1511,181,445,69,1017,826,763,1.54,93,3809,1349,127,98.2,11,95,40,29.6
0.486,0.288,5766,5109,776,1471,241,29,146,2208,732,57,45,468,14,87,1034,115,0.432,0.355,0.787,116,52,5.19,33,56,1285.1,1477,185,441,107,1114,802,741,1.49,70,3805,1188,133,98.6,7,100,38,27.5
0.479,0.289,5764,5130,821,1484,289,17,203,2416,792,45,37,471,22,81,1157,124,0.471,0.356,0.827,68,32,5.37,29,64,1283.2,1410,166,548,73,1164,846,766,1.53,110,3803,1297,132,97.9,14,101,41,28.9
0.476,0.293,5665,5070,788,1487,299,12,148,2254,740,51,51,418,14,75,1001,125,0.445,0.353,0.798,71,38,5.29,29,43,1268.2,1434,159,453,89,1058,816,746,1.49,97,3769,1335,121,98.1,10,100,41,29.1
0.418,0.275,5605,5026,757,1382,264,13,206,2290,721,43,26,464,14,46,1109,103,0.456,0.34,0.796,80,57,5.34,24,45,1274.1,1580,194,409,84,1025,834,756,1.56,93,3785,1403,161,98.2,21,99,42,29.8
0.406,0.261,5488,4895,660,1280,233,18,143,1978,629,35,43,427,15,88,1081,115,0.404,0.329,0.733,82,35,5.48,24,51,1264,1443,186,537,68,1010,844,769,1.57,99,3759,1312,141,98.1,19,86,46,34.8
0.608,0.302,5841,5142,906,1554,292,29,170,2414,868,55,56,499,19,89,891,117,0.469,0.37,0.839,76,34,4.79,33,46,1290,1518,137,434,77,985,743,687,1.51,96,3845,1445,153,98.2,12,69,45,39.5
0.596,0.294,5833,5102,849,1499,270,20,178,2343,812,48,47,541,19,95,960,120,0.459,0.369,0.828,69,33,4.38,35,46,1288,1405,125,464,87,956,678,627,1.45,75,3820,1316,138,98.6,5,64,36,36
0.563,0.285,5671,4994,743,1425,250,17,151,2162,697,76,32,457,33,112,1018,146,0.433,0.356,0.789,92,44,4.56,39,59,1287.1,1357,162,477,79,1096,701,652,1.42,82,3820,1404,132,98.5,14,87,45,34.1
0.56,0.293,5790,5079,786,1489,277,19,149,2251,739,62,48,471,19,130,979,119,0.443,0.365,0.808,93,32,4.71,32,51,1284.2,1342,169,470,93,1097,745,673,1.41,105,3851,1387,134,98,4,64,42,39.6
0.524,0.271,5564,4925,761,1337,222,15,234,2291,733,57,41,427,20,113,1100,97,0.465,0.341,0.806,53,42,5.02,30,64,1270.2,1443,154,481,105,940,767,709,1.51,84,3739,1390,139,98.4,8,80,39,32.8
0.489,0.281,5614,4944,699,1390,216,20,110,1976,663,76,55,438,17,101,1021,123,0.4,0.348,0.748,77,56,4.3,32,66,1279,1305,124,379,102,1040,677,611,1.32,94,3802,1359,127,98.2,9,62,37,37.4
0.486,0.29,5712,5098,789,1479,267,30,141,2229,748,21,42,468,15,83,1066,129,0.437,0.357,0.794,70,34,5.03,40,66,1271,1488,149,388,97,1005,764,710,1.48,86,3790,1345,125,98.4,8,73,43,37.1
0.43,0.287,5665,5030,737,1445,261,16,150,2188,684,85,38,416,15,94,974,112,0.435,0.35,0.785,64,44,5.28,31,49,1273,1474,166,446,100,914,820,747,1.51,86,3790,1345,151,98.4,11,78,42,35
0.396,0.279,5707,5095,757,1419,255,36,145,2181,703,58,55,429,17,70,983,97,0.428,0.34,0.768,98,37,5.88,27,34,1281.1,1541,187,548,118,1063,911,837,1.63,84,3769,1387,152,98.4,14,64,35,35.4
0.347,0.275,5485,4937,655,1360,274,17,119,2025,625,62,45,374,11,66,1017,118,0.41,0.332,0.742,86,51,5.75,22,41,1256,1524,174,433,95,913,876,803,1.56,85,3791,1349,134,98.4,10,109,43,28.3
0.65,0.298,5841,5044,935,1504,284,25,183,2387,877,43,68,600,11,86,884,121,0.473,0.378,0.851,85,45,4.45,36,55,1287.2,1385,136,498,77,982,682,636,1.46,110,3744,1371,160,97.9,4,82,44,34.9
0.589,0.291,5833,5007,857,1457,249,19,169,2251,808,70,52,609,18,93,1023,133,0.45,0.375,0.825,99,41,4.48,36,62,1286.1,1314,137,516,86,1147,690,640,1.42,76,3831,1399,136,98.6,3,70,43,38.1
0.538,0.293,5702,4990,813,1464,254,39,134,2198,765,34,59,556,17,63,956,121,0.44,0.368,0.808,154,83,4.96,38,74,1280.1,1487,152,435,68,895,757,705,1.5,99,3842,1398,121,98.1,11,98,60,38
0.5,0.29,5765,5051,786,1464,238,26,118,2108,744,65,54,523,10,72,982,92,0.417,0.361,0.778,121,70,5.04,34,75,1287.2,1426,122,539,109,909,807,721,1.53,86,3803,1319,139,98.3,9,80,49,38
0.49,0.286,5696,4999,803,1429,264,28,170,2259,754,66,45,499,12,87,997,109,0.452,0.358,0.81,101,50,4.97,38,74,1276,1456,131,561,59,965,785,705,1.58,91,3835,1494,139,98.3,4,136,49,26.5
0.479,0.291,5672,5023,753,1464,234,19,182,2282,715,71,47,429,13,102,1018,104,0.454,0.356,0.81,89,60,4.87,31,43,1274,1386,151,527,76,945,784,689,1.5,106,3819,1421,149,98,4,106,64,37.6
0.468,0.289,5838,5109,826,1478,242,27,142,2200,787,87,41,510,19,91,1025,123,0.431,0.362,0.793,64,38,5.76,24,39,1292.2,1520,155,634,76,976,908,827,1.67,116,3789,1592,152,97.9,8,124,66,34.7
0.458,0.288,5784,5001,777,1439,252,20,127,2112,732,62,41,596,18,83,1061,120,0.422,0.37,0.792,145,64,5.63,27,59,1266.1,1486,161,585,78,1009,865,792,1.64,114,3850,1422,142,97.9,14,90,59,39.6
0.455,0.293,5863,5093,852,1492,249,34,142,2235,792,88,55,552,15,75,864,119,0.439,0.367,0.806,104,50,5.64,34,60,1282.1,1507,193,518,87,935,869,804,1.58,83,3751,1433,140,98.4,8,115,58,33.5
0.373,0.276,5620,4963,672,1369,214,11,116,1953,639,65,45,499,7,48,933,130,0.394,0.345,0.739,96,46,5.92,27,48,1273,1593,145,560,84,980,927,838,1.69,83,3779,1242,151,98.4,11,115,55,32.4
0.611,0.302,5803,5019,897,1515,259,25,176,2352,850,76,57,581,21,70,930,109,0.469,0.378,0.847,157,52,4.69,34,60,1275.1,1323,182,423,64,1194,716,665,1.37,87,3824,1357,104,98.3,8,80,49,38
0.596,0.289,5727,4967,844,1437,283,28,161,2259,802,64,53,536,25,106,1023,105,0.455,0.367,0.822,204,60,4.26,37,55,1279.1,1283,149,436,113,1057,655,605,1.34,85,3795,1201,133,98.3,5,85,37,30.3
0.549,0.29,5759,4957,807,1436,254,22,140,2154,770,75,60,567,24,99,820,139,0.435,0.37,0.805,111,47,5.02,30,57,1286,1385,138,584,77,1064,776,718,1.53,126,3790,1462,134,97.7,6,109,48,30.6
0.545,0.298,5811,5069,904,1512,304,20,203,2465,855,61,55,544,18,82,1098,112,0.486,0.372,0.858,100,47,4.91,29,44,1286,1404,146,518,81,1066,790,701,1.49,82,3796,1384,138,98.4,10,111,52,31.9
0.486,0.272,5588,4861,693,1323,214,10,145,1992,656,110,29,490,13,98,1047,113,0.41,0.349,0.759,94,59,4.71,31,60,1280.2,1358,153,517,70,1149,724,670,1.46,102,3833,1440,130,98.1,6,108,51,32.1
0.472,0.271,5716,4852,717,1316,218,19,130,1962,667,139,35,581,33,109,1135,112,0.404,0.36,0.764,80,47,5.11,32,44,1279.2,1349,157,648,96,920,800,727,1.56,88,3813,1408,145,98.3,14,165,63,27.6
0.465,0.251,5454,4777,648,1197,223,22,136,1872,602,79,43,454,16,101,1126,105,0.392,0.326,0.718,115,50,4.79,32,65,1273,1371,143,572,98,979,739,678,1.53,100,3820,1520,148,98.2,6,140,56,28.6
0.462,0.28,5680,4972,765,1393,254,19,177,2216,727,80,28,532,22,68,1186,136,0.446,0.356,0.802,104,50,5.07,19,47,1281.1,1461,164,489,87,1015,802,722,1.52,80,3802,1464,138,98.5,16,107,54,33.5
0.451,0.269,5599,4941,653,1331,252,22,114,1969,601,75,41,462,18,80,1076,98,0.399,0.339,0.738,113,62,4.62,25,44,1279.2,1352,125,490,98,1063,721,657,1.44,100,3820,1520,162,98.2,8,127,52,29.1
0.364,0.273,5605,4927,670,1344,221,15,129,1982,633,75,37,507,21,58,1112,118,0.402,0.345,0.747,124,52,5.56,16,31,1266.2,1518,154,577,87,1046,875,782,1.65,114,3828,1515,159,97.9,6,139,64,31.5
0.324,0.301,5152,4464,812,1345,238,23,161,2112,763,76,43,507,11,62,743,88,0.473,0.377,0.85,161,46,4.52,35,65,1144,1217,120,395,61,996,621,575,1.41,73,3400,1100,104,98.4,8,100,44,30.6
0.619,0.298,5163,4434,841,1323,275,31,199,2257,786,65,40,523,10,101,849,100,0.509,0.382,0.891,100,44,5.25,35,55,1131.2,1299,142,516,61,901,716,660,1.6,63,3323,1192,125,98.6,7,118,44,27.2
0.551,0.282,5031,4426,737,1249,228,36,143,1978,697,44,51,443,9,67,918,90,0.447,0.353,0.8,154,47,4.29,31,59,1135.2,1174,117,481,73,848,608,541,1.46,76,3354,1246,125,98.4,9,94,43,31.4
0.492,0.279,5070,4349,668,1214,213,22,90,1741,622,77,57,524,17,63,817,112,0.4,0.361,0.761,105,64,4.58,35,65,1142.2,1211,104,419,95,810,643,582,1.43,85,3382,1285,125,98.2,9,119,48,28.7
0.484,0.291,5082,4423,735,1285,245,22,115,1919,696,91,49,447,12,72,926,92,0.434,0.361,0.795,139,46,5.51,26,44,1129.1,1271,153,522,68,837,760,692,1.59,98,3330,1266,132,97.9,6,103,51,33.1
0.465,0.293,5083,4427,687,1299,235,26,108,1910,646,81,43,468,10,64,731,103,0.431,0.366,0.797,111,44,5.43,19,61,1123.2,1311,121,450,58,840,733,678,1.57,66,3332,1167,102,98.6,7,113,46,28.9
0.457,0.287,5194,4487,716,1288,252,26,121,1955,685,62,41,534,19,70,964,95,0.436,0.369,0.805,63,41,5.2,28,64,1133.1,1310,127,470,53,781,719,655,1.57,81,3366,1294,134,98.3,11,84,37,30.6
0.422,0.288,5023,4443,662,1279,246,27,121,1942,631,67,35,416,11,62,870,95,0.437,0.355,0.792,121,63,5.82,26,40,1121.2,1289,116,561,67,896,788,725,1.65,86,3327,1249,131,98.2,7,162,64,28.3
0.389,0.283,5055,4417,619,1251,223,24,104,1834,594,50,43,489,5,56,839,125,0.415,0.359,0.774,70,41,6.35,26,30,1129,1451,162,537,81,748,889,796,1.76,105,3318,1215,126,97.7,12,110,59,34.9
0.595,0.283,5042,4370,669,1235,212,17,113,1820,624,84,41,453,9,93,818,98,0.416,0.359,0.775,95,41,3.98,31,49,1146.2,1119,98,411,60,955,545,507,1.33,68,3406,1125,113,98.5,8,128,46,26.4
0.578,0.282,4934,4291,616,1210,194,38,59,1657,574,91,42,451,11,59,806,80,0.386,0.355,0.741,139,71,3.72,42,86,1134.2,1131,74,406,87,822,510,469,1.35,70,3370,1340,165,98.5,8,123,51,29.3
0.571,0.272,5015,4294,646,1167,209,11,125,1773,607,76,42,505,12,98,912,94,0.413,0.358,0.771,131,65,4.12,50,70,1146.1,1160,75,503,84,860,576,525,1.45,87,3414,1374,142,98.2,11,133,65,32.8
0.568,0.289,5142,4401,699,1271,217,37,95,1847,654,82,56,524,19,79,717,105,0.42,0.37,0.79,172,61,4.57,30,42,1150.1,1183,84,514,76,848,625,584,1.48,57,3420,1291,133,98.8,8,114,59,34.1
0.532,0.261,4978,4289,556,1118,208,18,61,1545,522,74,41,503,22,71,862,92,0.36,0.345,0.705,133,58,3.94,38,64,1149.1,1148,84,489,62,820,553,503,1.42,95,3405,1327,114,98,2,113,66,36.9
0.496,0.265,4950,4278,588,1134,189,20,124,1735,558,83,37,465,26,86,918,99,0.406,0.346,0.752,144,63,4.16,31,38,1139,1091,101,505,70,878,571,527,1.4,80,3385,1247,128,98.3,11,81,47,36.7
0.419,0.244,4866,4282,512,1045,209,25,86,1562,485,55,31,434,11,62,955,94,0.365,0.32,0.685,142,47,3.96,26,31,1144.1,1077,96,458,94,857,551,503,1.34,88,3393,1262,121,98.1,8,87,55,38.7
0.408,0.261,5051,4318,587,1125,195,13,88,1610,545,78,42,537,8,75,864,110,0.373,0.349,0.722,141,47,5.12,32,50,1142.1,1307,88,533,75,923,711,650,1.61,68,3399,1208,103,98.5,10,193,57,22.8
0.331,0.259,4915,4271,480,1106,212,13,47,1485,448,54,30,479,11,80,933,140,0.348,0.343,0.691,70,49,5.32,22,34,1129,1195,98,532,95,822,711,667,1.53,72,3359,1261,103,98.5,12,159,56,26
0.611,0.272,5161,4436,628,1205,200,26,89,1724,585,91,47,500,19,86,813,91,0.389,0.353,0.742,125,48,3.39,39,71,1187.2,1085,65,384,37,885,473,448,1.24,67,3563,1337,105,0.987,7,122,49,28.7
0.546,0.258,4996,4347,564,1120,197,15,108,1671,523,118,28,445,19,58,864,85,0.384,0.333,0.717,104,75,3.82,40,69,1181.1,1114,90,457,70,814,528,502,1.33,63,3544,1414,143,0.987,6,95,54,36.2
0.523,0.26,4938,4379,524,1139,172,26,59,1540,490,102,40,362,12,54,659,129,0.352,0.322,0.674,116,51,3.59,38,47,1193.1,1053,66,491,57,802,519,476,1.29,78,3580,1472,124,0.985,12,101,68,40.2
0.512,0.263,5043,4481,509,1179,202,16,73,1632,479,107,26,375,19,54,890,91,0.364,0.326,0.69,119,53,3.49,39,63,1190.1,1145,74,469,53,825,518,461,1.36,83,3571,1469,119,0.984,4,109,61,35.9
0.488,0.256,5131,4348,553,1112,197,19,54,1509,518,132,47,544,18,60,790,100,0.347,0.343,0.69,132,51,3.9,27,33,1183.2,1161,69,452,68,822,564,513,1.36,88,3551,1498,122,0.983,7,107,49,31.4
0.469,0.243,5021,4338,549,1056,189,28,102,1607,509,92,43,476,17,72,892,79,0.37,0.325,0.695,179,72,3.83,36,34,1187.1,1131,80,535,74,853,551,505,1.4,78,3562,1510,145,0.985,7,170,54,24.1
0.442,0.261,5180,4539,544,1184,212,18,59,1609,512,80,50,458,19,53,857,107,0.354,0.332,0.686,140,57,4.02,35,64,1202,1235,65,422,71,735,580,537,1.38,96,3606,1558,125,0.982,8,126,65,34
0.408,0.249,5057,4331,509,1077,208,12,71,1522,479,100,27,538,17,61,907,102,0.351,0.338,0.689,107,53,4.56,29,54,1172.1,1148,106,488,68,936,647,594,1.4,73,3517,1428,104,0.985,9,165,60,26.7
0.612,0.259,5145,4437,625,1150,193,20,95,1668,585,73,43,522,23,69,940,97,0.376,0.343,0.719,158,51,3.35,48,74,1196.1,1191,92,395,38,841,513,445,1.33,75,3589,1298,115,0.985,6,91,50,35.5
0.546,0.263,5124,4404,584,1157,204,18,100,1697,561,147,36,470,15,67,891,88,0.385,0.34,0.725,105,61,3.59,37,63,1192.1,1001,93,541,65,1006,522,476,1.29,68,3577,1378,124,0.986,6,93,64,40.8
0.563,0.288,5234,4599,713,1324,226,30,111,1943,666,61,44,466,19,64,836,124,0.422,0.358,0.78,112,58,4.22,27,45,1187,1256,113,430,58,787,619,557,1.42,106,3561,1576,165,0.98,7,88,60,40.5
0.526,0.269,5129,4373,627,1177,204,15,106,1729,597,109,34,554,11,59,782,110,0.395,0.357,0.752,113,38,4.15,29,37,1163.2,1117,87,457,76,920,580,536,1.35,67,3491,1400,126,0.986,5,120,48,28.6
0.466,0.271,5204,4498,614,1221,196,27,92,1747,578,73,39,513,17,81,799,118,0.388,0.354,0.742,130,57,4.32,34,46,1188.2,1231,96,476,75,855,619,570,1.44,81,3566,1463,132,0.984,6,96,71,42.5
0.45,0.266,5158,4522,579,1203,192,15,94,1707,539,86,37,463,15,49,858,106,0.377,0.338,0.715,116,52,4.16,30,50,1193.2,1173,80,512,71,827,620,552,1.41,97,3581,1417,131,0.981,20,110,51,31.7
0.45,0.255,5085,4367,568,1112,160,14,93,1579,536,130,25,488,14,74,906,93,0.362,0.338,0.7,100,76,5.12,26,36,1175,1273,128,524,55,938,727,668,1.53,82,3525,1284,104,0.983,6,136,36,20.9
0.389,0.245,4989,4343,512,1065,187,23,79,1535,472,103,32,460,16,51,992,94,0.353,0.323,0.676,99,55,4.38,30,66,1171.1,1167,81,601,76,830,622,570,1.51,96,3514,1495,142,0.981,14,175,68,28
0.632,0.274,5213,4439,704,1217,222,16,120,1831,648,147,44,485,25,98,813,86,0.412,0.355,0.767,161,69,3.73,36,39,1198.1,1074,117,543,47,1091,545,496,1.35,81,3595,1400,126,0.984,7,109,59,35.1
0.594,0.272,5287,4436,681,1207,212,14,118,1801,630,111,44,621,29,75,916,111,0.406,0.368,0.774,158,55,3.94,33,44,1193.2,1168,103,453,54,951,575,523,1.36,92,3581,1369,118,0.982,6,134,65,32.7
0.549,0.281,5252,4538,731,1276,224,25,149,1997,706,54,38,533,27,89,834,97,0.44,0.365,0.805,128,61,4.63,30,56,1179.2,1190,135,437,85,888,669,607,1.38,91,3539,1455,112,0.982,8,119,44,27
0.519,0.288,5261,4673,773,1345,220,16,185,2152,739,60,41,420,15,67,873,105,0.461,0.352,0.813,124,51,4.86,21,37,1194,1291,149,419,78,779,710,645,1.43,102,3582,1680,130,0.981,6,131,62,32.1
0.444,0.26,5166,4416,611,1148,190,17,106,1690,574,109,33,523,14,85,865,110,0.383,0.347,0.73,117,52,4.39,25,40,1183.2,1227,93,468,81,885,641,578,1.43,86,3551,1493,118,0.983,4,156,48,23.5
0.429,0.276,5270,4604,688,1270,223,17,121,1890,652,82,44,486,25,54,907,97,0.411,0.349,0.76,169,56,5.25,31,59,1188,1279,125,560,104,793,746,693,1.55,92,3564,1573,167,0.982,7,124,66,34.7
0.391,0.262,5139,4452,570,1165,199,20,87,1665,539,95,43,480,16,68,874,119,0.374,0.34,0.714,135,56,4.55,27,39,1185.2,1162,122,614,95,832,652,600,1.5,93,3557,1515,148,0.982,9,160,68,29.8
0.368,0.244,5009,4321,543,1053,160,13,104,1551,508,75,33,497,10,80,943,106,0.359,0.331,0.69,121,70,5.43,24,28,1169.1,1290,146,551,72,806,763,705,1.57,80,3508,1448,127,0.984,7,151,58,27.8
0.609,0.267,5215,4455,706,1191,197,24,156,1904,671,74,41,579,27,66,890,112,0.427,0.357,0.784,113,52,3.92,38,36,1199,1178,108,441,83,893,581,522,1.35,94,3597,1500,129,0.982,3,133,45,25.3
0.602,0.285,5379,4574,732,1303,235,17,166,2070,693,128,40,552,16,84,892,103,0.453,0.369,0.822,181,68,3.68,33,34,1213,1141,130,519,54,1032,550,496,1.37,94,3639,1406,152,0.982,9,80,43,35
0.534,0.28,5265,4591,722,1286,215,33,120,1927,669,26,40,522,21,86,849,128,0.42,0.362,0.782,129,50,4.62,32,59,1186.1,1221,120,515,75,862,662,609,1.46,83,3559,1455,148,0.984,12,107,53,33.1
0.496,0.277,5053,4420,637,1223,252,15,121,1868,597,60,49,456,9,68,816,121,0.423,0.35,0.773,106,45,4.75,40,37,1162.1,1290,139,487,67,722,669,614,1.53,96,3487,1523,152,0.981,9,113,49,30.2
0.481,0.275,5220,4459,685,1224,233,15,146,1925,650,67,43,584,23,67,789,108,0.432,0.364,0.796,125,50,4.98,32,45,1163.2,1226,141,609,56,905,700,644,1.58,80,3491,1368,136,0.984,8,142,56,28.3
0.451,0.272,5211,4486,683,1219,228,20,153,1946,650,64,48,547,24,63,905,116,0.434,0.356,0.79,192,67,5.45,29,32,1174.1,1231,176,565,61,840,762,711,1.53,90,3523,1459,141,0.982,16,138,48,25.8
0.406,0.278,5248,4505,670,1251,182,21,129,1862,627,97,45,552,28,49,781,124,0.413,0.36,0.773,141,47,5.42,25,38,1175,1316,165,585,91,777,763,707,1.62,84,3525,1514,153,0.984,13,136,49,26.5
0.346,0.269,5273,4620,657,1241,211,13,164,1970,629,43,31,498,16,81,1017,126,0.426,0.348,0.774,69,20,5.71,16,34,1174,1335,176,569,77,908,805,745,1.62,94,3522,1417,146,0.981,11,174,56,24.3
0.659,0.282,5003,4332,632,1222,215,23,89,1750,591,80,38,491,15,62,735,99,0.404,0.361,0.765,170,83,3.22,43,72,1151,1053,78,448,55,801,461,412,1.3,102,3453,1464,133,0.98,6,89,65,42.2
0.556,0.276,4975,4344,647,1198,166,37,68,1642,598,36,44,472,23,78,719,115,0.378,0.354,0.732,189,63,3.89,26,37,1134.2,1115,78,379,69,780,542,490,1.32,92,3404,1325,111,0.981,12,109,46,29.7
0.548,0.282,4890,4256,624,1200,199,22,93,1722,590,62,51,445,13,76,728,97,0.405,0.356,0.761,133,68,3.68,27,38,1119,1134,70,409,47,671,518,457,1.38,92,3357,1507,155,0.981,7,112,55,32.9
0.516,0.258,4859,4180,557,1078,186,16,92,1572,520,70,38,505,15,65,699,115,0.376,0.344,0.72,59,37,4.42,40,48,1123.1,1184,87,416,43,703,596,552,1.42,69,3370,1387,119,0.986,9,124,59,32.2
0.508,0.254,4882,4275,592,1086,204,20,120,1690,566,52,35,463,17,57,770,100,0.395,0.333,0.728,97,25,4.43,36,39,1129.2,1136,95,519,49,723,595,556,1.47,61,3389,1457,150,0.988,9,171,55,24.3
0.452,0.26,4832,4210,503,1095,188,28,48,1483,465,85,35,453,14,48,642,97,0.352,0.336,0.688,131,65,4.08,29,26,1124,1078,65,473,77,733,555,510,1.38,75,3372,1481,129,0.985,6,143,54,27.4
0.397,0.266,4834,4317,499,1149,190,19,70,1587,471,51,33,396,20,37,713,114,0.368,0.331,0.699,97,57,4.44,29,36,1125.1,1159,91,465,70,729,609,555,1.44,100,3376,1403,121,0.98,10,123,58,32
0.365,0.256,4743,4184,468,1070,164,23,66,1478,447,85,50,364,6,59,765,90,0.353,0.321,0.674,111,45,4.88,25,40,1108.1,1239,82,480,72,631,646,601,1.55,76,3325,1365,118,0.984,7,87,51,37
0.603,0.264,4881,4236,603,1118,212,20,112,1706,568,87,40,442,22,76,750,86,0.403,0.341,0.744,136,68,3.25,36,77,1139.1,1079,77,445,67,650,465,412,1.34,88,3418,1503,152,0.982,1,71,50,41.3
0.565,0.263,4856,4199,578,1103,209,32,78,1610,543,68,51,449,21,88,748,102,0.383,0.343,0.726,161,59,3.45,30,42,1131.1,1067,74,399,75,721,480,434,1.3,73,3394,1333,115,0.985,15,105,38,26.6
0.54,0.254,4805,4128,534,1050,165,13,104,1553,502,87,28,506,17,56,705,128,0.376,0.342,0.718,48,21,3.54,39,36,1119,1084,84,451,53,741,481,440,1.37,76,3357,1468,118,0.984,3,124,74,37.4
0.508,0.254,4895,4186,497,1062,191,9,86,1529,469,95,39,511,28,63,678,93,0.365,0.341,0.706,101,46,3.71,41,51,1131.2,1091,90,400,58,719,509,467,1.32,87,3395,1431,113,0.982,8,70,43,38.1
0.483,0.268,4933,4322,532,1160,186,19,78,1618,508,89,43,431,24,48,704,107,0.374,0.338,0.712,130,46,4.34,34,58,1135.2,1181,63,514,52,630,600,548,1.49,94,3407,1463,150,0.981,9,56,39,41.1
0.448,0.271,4920,4260,530,1154,178,7,96,1634,507,125,32,443,38,60,653,111,0.384,0.346,0.73,51,36,4.42,27,46,1127,1104,119,466,48,796,615,554,1.39,96,3381,1327,106,0.98,12,127,47,27
0.447,0.27,4894,4273,533,1152,193,18,76,1609,501,104,39,405,34,73,763,87,0.377,0.34,0.717,67,46,4.14,22,24,1120.2,1164,93,414,69,704,554,515,1.41,82,3362,1444,118,0.983,10,80,38,32.2
0.408,0.257,4811,4204,499,1080,198,16,73,1529,465,78,45,428,7,55,630,117,0.364,0.33,0.694,70,44,4.52,26,27,1109.2,1109,103,526,97,670,602,557,1.47,77,3329,1426,131,0.984,8,114,37,24.5
0.593,0.255,4779,4091,538,1043,192,9,73,1472,505,90,42,477,14,79,689,107,0.36,0.341,0.701,121,52,3.33,49,65,1118,1030,100,365,63,781,471,414,1.25,76,3354,1293,94,0.984,5,78,48,38.1
0.56,0.27,4798,4092,547,1104,172,9,92,1570,518,153,32,444,17,77,628,108,0.384,0.35,0.734,71,47,3.44,41,45,1114.2,1053,69,394,71,816,467,426,1.3,93,3344,1326,125,0.98,3,81,23,22.1
0.54,0.253,4769,4170,511,1057,191,3,110,1584,481,68,30,442,13,59,800,120,0.38,0.331,0.711,65,28,3.37,41,47,1121.1,1077,94,373,49,760,475,420,1.29,84,3364,1421,105,0.983,7,123,51,29.3
0.52,0.255,4754,4181,476,1067,191,22,62,1488,431,102,26,390,20,55,650,90,0.356,0.325,0.681,93,43,3.36,35,29,1118.1,998,73,442,78,735,451,417,1.29,66,3355,1426,133,0.986,6,77,39,33.6
0.512,0.258,4708,4147,455,1068,152,28,55,1441,425,81,27,368,14,83,635,102,0.347,0.328,0.675,132,57,3.36,39,29,1115.2,968,69,424,69,834,467,416,1.25,95,3347,1306,110,0.98,19,108,47,30.3
0.48,0.254,4793,4177,509,1059,171,19,99,1565,488,96,33,424,19,63,859,84,0.375,0.329,0.704,117,47,3.8,33,52,1124,1071,85,446,83,701,535,475,1.35,90,3372,1436,137,0.982,6,121,50,29.2
0.407,0.25,4766,4137,488,1034,173,3,88,1477,463,124,21,418,17,65,815,84,0.357,0.327,0.684,62,41,3.88,28,34,1118.2,1128,83,410,60,637,541,482,1.37,84,3356,1529,123,0.983,13,70,48,40.7
0.385,0.246,4724,4217,457,1037,181,16,81,1493,430,92,32,330,19,52,813,86,0.354,0.306,0.66,84,33,4.22,29,53,1110,1144,87,439,60,625,574,521,1.43,82,3330,1382,132,0.983,7,64,42,39.6
0.607,0.268,4975,4234,614,1134,178,6,111,1657,575,98,34,500,21,109,748,112,0.391,0.357,0.748,97,38,3.83,37,62,1129.1,1026,109,387,79,875,528,480,1.25,86,3388,1361,98,0.982,2,83,37,30.8
0.585,0.27,4922,4256,596,1147,183,17,63,1553,558,81,35,465,14,85,701,93,0.365,0.351,0.716,103,50,3.42,33,51,1125,1038,90,440,77,818,465,427,1.31,80,3375,1299,149,0.983,12,86,36,29.5
0.583,0.269,4984,4230,589,1139,174,12,122,1703,559,136,38,495,27,85,806,88,0.403,0.355,0.758,101,54,3.42,27,50,1137,1005,103,422,99,843,485,432,1.26,80,3411,1321,103,0.983,9,82,62,43.1
0.512,0.27,4841,4304,622,1163,211,9,159,1869,594,31,31,400,12,75,824,121,0.434,0.341,0.775,62,24,4.41,36,43,1111,1193,111,389,88,662,603,545,1.42,110,3333,1479,127,0.978,7,130,54,29.3
0.464,0.253,4722,4177,500,1058,202,23,83,1555,470,94,20,361,11,70,856,83,0.372,0.322,0.694,88,52,4.31,33,24,1120.1,1097,91,408,89,817,573,536,1.34,98,3361,1417,124,0.98,6,111,36,24.5
0.432,0.26,4785,4222,601,1098,189,21,105,1644,554,80,41,349,12,93,915,72,0.389,0.327,0.716,149,45,4.9,31,59,1102.1,1212,109,480,80,781,666,600,1.53,89,3307,1314,112,0.981,12,78,34,30.4
0.431,0.256,4899,4190,563,1071,168,16,134,1673,529,105,26,458,12,120,817,85,0.399,0.344,0.743,81,38,4.7,28,22,1115.2,1175,125,422,80,803,647,583,1.43,100,3347,1340,111,0.979,7,88,41,31.8
0.392,0.26,4848,4234,541,1102,183,13,99,1608,507,79,31,430,24,74,718,101,0.38,0.337,0.717,101,43,4.85,24,26,1105,1166,138,510,119,786,659,595,1.52,98,3315,1388,128,0.98,10,97,44,31.2
0.586,0.275,5322,4480,692,1233,190,13,134,1851,653,111,38,607,29,86,871,109,0.413,0.37,0.783,100,45,4.07,36,32,1187,1193,123,440,59,842,590,537,1.38,78,3561,1467,112,0.985,12,82,45,35.4
0.584,0.269,5170,4509,641,1215,225,9,132,1854,600,84,31,460,22,86,704,122,0.411,0.346,0.757,50,32,3.76,42,74,1196.1,1092,118,505,85,994,564,500,1.33,88,3589,1424,112,0.983,13,86,66,43.4
0.53,0.268,5109,4485,606,1200,202,19,89,1707,573,55,40,433,12,96,780,86,0.381,0.342,0.723,71,59,3.88,38,47,1177.2,1144,95,457,75,799,560,508,1.36,88,3533,1409,146,0.983,11,82,40,32.8
0.523,0.267,5190,4426,643,1182,224,9,143,1853,610,82,54,549,22,79,693,118,0.419,0.354,0.773,127,54,4.52,27,24,1183,1198,119,496,120,773,637,594,1.43,79,3549,1451,151,0.984,7,62,43,41
0.488,0.272,5254,4499,655,1223,196,9,138,1851,626,105,35,521,24,93,818,98,0.411,0.357,0.768,50,47,4.4,29,49,1186.1,1173,116,538,110,891,644,580,1.44,83,3559,1469,147,0.984,12,90,60,40
0.457,0.259,5081,4432,588,1150,176,24,102,1680,554,73,40,441,18,95,892,89,0.379,0.337,0.716,69,48,4.38,35,64,1164.1,1235,116,543,64,783,637,566,1.53,104,3493,1361,142,0.979,16,64,51,44.3
0.417,0.268,5150,4519,632,1213,245,17,140,1912,605,88,33,456,14,54,923,107,0.423,0.34,0.763,82,58,5.24,37,36,1180.2,1290,170,455,92,699,750,688,1.48,95,3542,1397,115,0.981,11,96,40,29.4
0.41,0.252,5075,4462,533,1125,195,21,88,1626,500,74,31,416,15,92,853,99,0.364,0.327,0.691,129,46,4.22,29,46,1190.1,1216,109,449,76,753,608,558,1.4,87,3571,1520,134,0.983,9,89,45,33.6
0.611,0.286,5313,4483,723,1280,208,15,175,2043,673,139,38,543,23,109,727,100,0.456,0.373,0.829,75,48,4.16,39,43,1190,1245,120,457,62,840,627,550,1.43,112,3570,1448,131,0.978,9,120,73,37.8
0.609,0.272,5127,4448,657,1211,219,16,129,1849,626,94,37,505,18,42,721,72,0.416,0.349,0.765,146,67,3.65,36,34,1178,1092,137,414,101,820,527,478,1.28,70,3534,1493,123,0.986,7,48,52,52
0.589,0.284,5241,4564,769,1295,236,14,213,2198,744,73,38,481,19,85,661,131,0.482,0.36,0.842,56,32,4.37,30,41,1183,1199,133,494,59,808,613,574,1.43,75,3549,1379,118,0.985,9,81,54,40
0.508,0.272,5157,4445,644,1208,209,16,156,1917,612,127,32,464,10,89,763,87,0.431,0.35,0.781,82,57,4.44,43,48,1181.1,1190,135,497,83,759,642,583,1.43,90,3544,1560,118,0.983,14,101,67,39.9
0.492,0.254,5198,4458,577,1131,218,20,121,1752,521,102,21,542,22,75,887,89,0.393,0.343,0.736,78,57,4.38,35,31,1192,1184,142,437,68,772,617,580,1.36,75,3576,1324,97,0.985,7,110,37,25.2
0.458,0.249,4964,4375,509,1088,188,29,106,1652,485,74,40,404,11,70,781,90,0.378,0.319,0.697,135,62,4.01,37,51,1169.2,1201,120,531,60,794,579,521,1.48,98,3509,1308,116,0.98,6,47,52,52.5
0.435,0.276,5165,4536,563,1251,205,21,90,1768,541,63,52,452,17,62,706,121,0.39,0.346,0.736,58,36,4.25,30,53,1175.2,1194,105,464,79,654,619,555,1.41,90,3527,1403,135,0.982,10,108,39,26.5
0.3,0.256,4987,4465,491,1143,232,18,73,1630,451,83,28,338,11,73,848,75,0.365,0.317,0.682,84,66,5.01,22,58,1164.1,1302,171,435,93,647,709,648,1.49,104,3493,1547,147,0.98,14,78,51,39.5
